{"cameraMode":{"drawMode":0,"name":"Shaded","section":"Shading Mode"},"sceneLighting":true,"audioPlay":false,"sceneViewState":{"m_AlwaysRefresh":false,"showFog":true,"showSkybox":true,"showFlares":true,"showImageEffects":true,"showParticleSystems":true,"showVisualEffectGraphs":true,"m_FxEnabled":true},"in2DMode":false,"pivot":{"x":0.00824066810309887,"y":-0.26083695888519289,"z":-0.08743983507156372},"rotation":{"x":-0.5772181749343872,"y":0.004161217715591192,"z":-0.0029419055208563806,"w":-0.8166069984436035},"size":1.000388264656067,"orthographic":false}